<?xml version="1.0"?>
<!-- <!DOCTYPE metadata SYSTEM "http://www.esri.com/metadata/esriprof80.dtd"> -->
<metadata xml:lang="en"><Esri><CreaDate>20121115</CreaDate><CreaTime>15074700</CreaTime><ArcGISFormat>1.0</ArcGISFormat><SyncOnce>FALSE</SyncOnce><DataProperties><itemProps><itemName Sync="TRUE">CivilParish1930</itemName><imsContentType Sync="TRUE">002</imsContentType><itemLocation><linkage Sync="TRUE">file://\\GISFILEPROD\DATASHARE\Caroline\Published Shapefiles requiring metadata\CivilParish1930.shp</linkage><protocol Sync="TRUE">Local Area Network</protocol></itemLocation><nativeExtBox><westBL Sync="TRUE">54455.170475</westBL><eastBL Sync="TRUE">469467.716600</eastBL><southBL Sync="TRUE">530296.999000</southBL><northBL Sync="TRUE">1218557.739875</northBL><exTypeCode Sync="TRUE">1</exTypeCode></nativeExtBox><itemSize Sync="TRUE">12.946</itemSize></itemProps><coordRef><type Sync="TRUE">Projected</type><geogcsn Sync="TRUE">GCS_OSGB_1936</geogcsn><projcsn Sync="TRUE">British_National_Grid</projcsn><peXml Sync="TRUE">&lt;ProjectedCoordinateSystem xsi:type='typens:ProjectedCoordinateSystem' xmlns:xsi='http://www.w3.org/2001/XMLSchema-instance' xmlns:xs='http://www.w3.org/2001/XMLSchema' xmlns:typens='http://www.esri.com/schemas/ArcGIS/10.1'&gt;&lt;WKT&gt;PROJCS[&amp;quot;British_National_Grid&amp;quot;,GEOGCS[&amp;quot;GCS_OSGB_1936&amp;quot;,DATUM[&amp;quot;D_OSGB_1936&amp;quot;,SPHEROID[&amp;quot;Airy_1830&amp;quot;,6377563.396,299.3249646]],PRIMEM[&amp;quot;Greenwich&amp;quot;,0.0],UNIT[&amp;quot;Degree&amp;quot;,0.0174532925199433]],PROJECTION[&amp;quot;Transverse_Mercator&amp;quot;],PARAMETER[&amp;quot;False_Easting&amp;quot;,400000.0],PARAMETER[&amp;quot;False_Northing&amp;quot;,-100000.0],PARAMETER[&amp;quot;Central_Meridian&amp;quot;,-2.0],PARAMETER[&amp;quot;Scale_Factor&amp;quot;,0.9996012717],PARAMETER[&amp;quot;Latitude_Of_Origin&amp;quot;,49.0],UNIT[&amp;quot;Meter&amp;quot;,1.0],AUTHORITY[&amp;quot;EPSG&amp;quot;,27700]]&lt;/WKT&gt;&lt;XOrigin&gt;-5220400&lt;/XOrigin&gt;&lt;YOrigin&gt;-15524400&lt;/YOrigin&gt;&lt;XYScale&gt;450481592.76709664&lt;/XYScale&gt;&lt;ZOrigin&gt;-100000&lt;/ZOrigin&gt;&lt;ZScale&gt;10000&lt;/ZScale&gt;&lt;MOrigin&gt;-100000&lt;/MOrigin&gt;&lt;MScale&gt;10000&lt;/MScale&gt;&lt;XYTolerance&gt;0.001&lt;/XYTolerance&gt;&lt;ZTolerance&gt;0.001&lt;/ZTolerance&gt;&lt;MTolerance&gt;0.001&lt;/MTolerance&gt;&lt;HighPrecision&gt;true&lt;/HighPrecision&gt;&lt;WKID&gt;27700&lt;/WKID&gt;&lt;LatestWKID&gt;27700&lt;/LatestWKID&gt;&lt;/ProjectedCoordinateSystem&gt;</peXml><csUnits Sync="TRUE">Linear Unit: Meter (1.000000)</csUnits></coordRef><lineage><Process ToolSource="C:\Program Files (x86)\ArcGIS\Desktop10.0\ArcToolbox\Toolboxes\Data Management Tools.tbx\CopyFeatures" Date="20121115" Time="150757" Name="" export="">CopyFeatures "T:\2011 Census Output Areas\DSP_Output_Database_Layers\DSP_Output_Layers.mdb\CIVIL_PARISH" "Database Connections\SDE Connection to 10.192.1.51.sde\gis.SDE.Output_Area_Lookups\gis.SDE.CIVIL_PARISH_1" GEOMETRY 0 0 0</Process><Process ToolSource="C:\Program Files (x86)\ArcGIS\Desktop10.0\ArcToolbox\Toolboxes\Data Management Tools.tbx\CopyFeatures" Date="20121121" Time="105014" Name="" export="">CopyFeatures "Database Connections\GIS Production.sde\gis.SDE.Output_Area_Lookups\gis.SDE.CIVIL_PARISH" "T:\Caroline\Name and Code work\HigherAreas_NameCodes.gdb\CIVIL_PARISH" # 0 0 0</Process><Process ToolSource="C:\Program Files (x86)\ArcGIS\Desktop10.0\ArcToolbox\Toolboxes\Data Management Tools.tbx\CalculateField" Date="20121122" Time="103659" Name="" export="">CalculateField CIVIL_PARISH CP_NAME [CPA_NAME] VB #</Process><Process ToolSource="C:\Program Files (x86)\ArcGIS\Desktop10.0\ArcToolbox\Toolboxes\Data Management Tools.tbx\CalculateField" Date="20121122" Time="103714" Name="" export="">CalculateField CIVIL_PARISH CP_CODE [CPA_CODE] VB #</Process><Process ToolSource="c:\program files (x86)\arcgis\desktop10.1\ArcToolbox\Toolboxes\Data Management Tools.tbx\CalculateField" Date="20130104" Time="084956" Name="" export="">CalculateField CIVIL_PARISH CPname [CP_NAME] VB #</Process><Process ToolSource="c:\program files (x86)\arcgis\desktop10.1\ArcToolbox\Toolboxes\Data Management Tools.tbx\CalculateField" Date="20130104" Time="085009" Name="" export="">CalculateField CIVIL_PARISH CPcode [CP_CODE] VB #</Process><Process ToolSource="c:\program files (x86)\arcgis\desktop10.1\ArcToolbox\Toolboxes\Data Management Tools.tbx\CalculateField" Date="20130104" Time="085017" Name="" export="">CalculateField CIVIL_PARISH C91code1 [CENSUS1991_CP_CODE_1] VB #</Process><Process ToolSource="c:\program files (x86)\arcgis\desktop10.1\ArcToolbox\Toolboxes\Data Management Tools.tbx\CalculateField" Date="20130104" Time="085023" Name="" export="">CalculateField CIVIL_PARISH C91code2 [CENSUS1991_CP_CODE_2] VB #</Process><Process ToolSource="c:\program files (x86)\arcgis\desktop10.1\ArcToolbox\Toolboxes\Data Management Tools.tbx\CalculateField" Date="20130104" Time="085032" Name="" export="">CalculateField CIVIL_PARISH C91code3 [CENSUS1991_CP_CODE_3] VB #</Process><Process ToolSource="c:\program files (x86)\arcgis\desktop10.1\ArcToolbox\Toolboxes\Data Management Tools.tbx\CalculateField" Date="20130104" Time="085040" Name="" export="">CalculateField CIVIL_PARISH C91code4 [CENSUS1991_CP_CODE_4] VB #</Process><Process ToolSource="C:\Program Files (x86)\ArcGIS\Desktop10.0\ArcToolbox\Toolboxes\Data Management Tools.tbx\CalculateField" Date="20130411" Time="122148" Name="" export="">CalculateField CivilParish1930 name [name2] VB #</Process><Process ToolSource="c:\program files (x86)\arcgis\desktop10.1\ArcToolbox\Toolboxes\Conversion Tools.tbx\FeatureClassToFeatureClass" Date="20130726" Time="075644">FeatureClassToFeatureClass "T:\Caroline\Name and Code\HigherAreas_NameCodes.gdb\CivilParish1930" "T:\Caroline\Published Shapefiles requiring metadata" CivilParish1930.shp # "SHAPE_Leng "SHAPE_Length" false true true 8 Double 0 0 ,First,#,T:\Caroline\Name and Code\HigherAreas_NameCodes.gdb\CivilParish1930,SHAPE_Length,-1,-1;SHAPE_Area "SHAPE_Area" false true true 8 Double 0 0 ,First,#,T:\Caroline\Name and Code\HigherAreas_NameCodes.gdb\CivilParish1930,SHAPE_Area,-1,-1;code "CivilParish1930Code" true true false 3 Text 0 0 ,First,#,T:\Caroline\Name and Code\HigherAreas_NameCodes.gdb\CivilParish1930,code,-1,-1;C91code1 "Census1991CPCode1" true true false 5 Text 0 0 ,First,#,T:\Caroline\Name and Code\HigherAreas_NameCodes.gdb\CivilParish1930,C91code1,-1,-1;C91code2 "Census1991CPCode2" true true false 5 Text 0 0 ,First,#,T:\Caroline\Name and Code\HigherAreas_NameCodes.gdb\CivilParish1930,C91code2,-1,-1;C91code3 "Census1991CPCode3" true true false 5 Text 0 0 ,First,#,T:\Caroline\Name and Code\HigherAreas_NameCodes.gdb\CivilParish1930,C91code3,-1,-1;C91code4 "Census1991CPCode4" true true false 5 Text 0 0 ,First,#,T:\Caroline\Name and Code\HigherAreas_NameCodes.gdb\CivilParish1930,C91code4,-1,-1;name "CivilParish1930Name" true true false 50 Text 0 0 ,First,#,T:\Caroline\Name and Code\HigherAreas_NameCodes.gdb\CivilParish1930,name,-1,-1" #</Process></lineage></DataProperties><SyncDate>20130726</SyncDate><SyncTime>08091600</SyncTime><ModDate>20130726</ModDate><ModTime>08091600</ModTime><scaleRange><minScale>150000000</minScale><maxScale>5000</maxScale></scaleRange><ArcGISProfile>ItemDescription</ArcGISProfile></Esri><dataIdInfo><envirDesc Sync="TRUE">Microsoft Windows 7 Version 6.1 (Build 7601) Service Pack 1; Esri ArcGIS 10.1.1.3143</envirDesc><dataLang><languageCode value="eng" country="GBR"/><countryCode value="GBR" Sync="TRUE"/></dataLang><idCitation><resTitle Sync="FALSE">CivilParish1930</resTitle><presForm><PresFormCd value="005"/></presForm></idCitation><descKeys><thesaName uuidref="723f6998-058e-11dc-8314-0800200c9a66"/><keyword Sync="TRUE">002</keyword></descKeys><spatRpType><SpatRepTypCd value="001"/></spatRpType><idCredit></idCredit><dataExt><geoEle xmlns=""><GeoBndBox esriExtentType="search"><exTypeCode Sync="TRUE">1</exTypeCode><westBL Sync="TRUE">-8.336703</westBL><eastBL Sync="TRUE">-0.721670</eastBL><northBL Sync="TRUE">60.850454</northBL><southBL Sync="TRUE">54.549484</southBL></GeoBndBox></geoEle></dataExt></dataIdInfo><mdLang><languageCode value="eng"/><countryCode value="GBR" Sync="TRUE"/></mdLang><mdChar><CharSetCd value="004"/></mdChar><distInfo><distFormat><formatName Sync="TRUE">Shapefile</formatName></distFormat><distTranOps><transSize Sync="TRUE">12.946</transSize></distTranOps></distInfo><mdHrLv><ScopeCd value="005"/></mdHrLv><mdHrLvName Sync="TRUE">dataset</mdHrLvName><refSysInfo><RefSystem><refSysID><identCode code="27700"/><idCodeSpace Sync="TRUE">EPSG</idCodeSpace><idVersion Sync="TRUE">7.11.2</idVersion></refSysID></RefSystem></refSysInfo><spdoinfo><ptvctinf><esriterm Name="CivilParish1930"><efeatyp Sync="TRUE">Simple</efeatyp><efeageom code="4" Sync="TRUE"></efeageom><esritopo Sync="TRUE">FALSE</esritopo><efeacnt Sync="TRUE">871</efeacnt><spindex Sync="TRUE">FALSE</spindex><linrefer Sync="TRUE">FALSE</linrefer></esriterm></ptvctinf></spdoinfo><spatRepInfo><VectSpatRep><geometObjs Name="CivilParish1930"><geoObjTyp><GeoObjTypCd value="002" Sync="TRUE"></GeoObjTypCd></geoObjTyp><geoObjCnt Sync="TRUE">871</geoObjCnt></geometObjs><topLvl><TopoLevCd value="001" Sync="TRUE"></TopoLevCd></topLvl></VectSpatRep></spatRepInfo><eainfo><detailed Name="CivilParish1930"><enttyp><enttypl Sync="TRUE">CivilParish1930</enttypl><enttypt Sync="TRUE">Feature Class</enttypt><enttypc Sync="TRUE">871</enttypc></enttyp><attr><attrlabl Sync="TRUE">FID</attrlabl><attalias Sync="TRUE">FID</attalias><attrtype Sync="TRUE">OID</attrtype><attwidth Sync="TRUE">4</attwidth><atprecis Sync="TRUE">0</atprecis><attscale Sync="TRUE">0</attscale><attrdef Sync="TRUE">Internal feature number.</attrdef><attrdefs Sync="TRUE">Esri</attrdefs><attrdomv><udom Sync="TRUE">Sequential unique whole numbers that are automatically generated.</udom></attrdomv></attr><attr><attrlabl Sync="TRUE">SHAPE</attrlabl><attalias Sync="TRUE">Shape</attalias><attrtype Sync="TRUE">Geometry</attrtype><attwidth Sync="TRUE">0</attwidth><atprecis Sync="TRUE">0</atprecis><attscale Sync="TRUE">0</attscale><attrdef Sync="TRUE">Feature geometry.</attrdef><attrdefs Sync="TRUE">ESRI</attrdefs><attrdomv><udom Sync="TRUE">Coordinates defining the features.</udom></attrdomv></attr><attr><attrlabl Sync="TRUE">SHAPE_Leng</attrlabl><attalias Sync="TRUE">SHAPE_Leng</attalias><attrtype Sync="TRUE">Double</attrtype><attwidth Sync="TRUE">19</attwidth><atprecis Sync="TRUE">0</atprecis><attscale Sync="TRUE">0</attscale></attr><attr><attrlabl Sync="TRUE">SHAPE_Area</attrlabl><attalias Sync="TRUE">SHAPE_Area</attalias><attrtype Sync="TRUE">Double</attrtype><attwidth Sync="TRUE">19</attwidth><atprecis Sync="TRUE">0</atprecis><attscale Sync="TRUE">0</attscale><attrdef Sync="TRUE">Area of feature in internal units squared.</attrdef><attrdefs Sync="TRUE">ESRI</attrdefs><attrdomv><udom Sync="TRUE">Positive real numbers that are automatically generated.</udom></attrdomv></attr><attr><attrlabl Sync="TRUE">code</attrlabl><attalias Sync="TRUE">code</attalias><attrtype Sync="TRUE">String</attrtype><attwidth Sync="TRUE">3</attwidth><atprecis Sync="TRUE">0</atprecis><attscale Sync="TRUE">0</attscale></attr><attr><attrlabl Sync="TRUE">C91code1</attrlabl><attalias Sync="TRUE">C91code1</attalias><attrtype Sync="TRUE">String</attrtype><attwidth Sync="TRUE">5</attwidth><atprecis Sync="TRUE">0</atprecis><attscale Sync="TRUE">0</attscale></attr><attr><attrlabl Sync="TRUE">C91code2</attrlabl><attalias Sync="TRUE">C91code2</attalias><attrtype Sync="TRUE">String</attrtype><attwidth Sync="TRUE">5</attwidth><atprecis Sync="TRUE">0</atprecis><attscale Sync="TRUE">0</attscale></attr><attr><attrlabl Sync="TRUE">C91code3</attrlabl><attalias Sync="TRUE">C91code3</attalias><attrtype Sync="TRUE">String</attrtype><attwidth Sync="TRUE">5</attwidth><atprecis Sync="TRUE">0</atprecis><attscale Sync="TRUE">0</attscale></attr><attr><attrlabl Sync="TRUE">C91code4</attrlabl><attalias Sync="TRUE">C91code4</attalias><attrtype Sync="TRUE">String</attrtype><attwidth Sync="TRUE">5</attwidth><atprecis Sync="TRUE">0</atprecis><attscale Sync="TRUE">0</attscale></attr><attr><attrlabl Sync="TRUE">name</attrlabl><attalias Sync="TRUE">name</attalias><attrtype Sync="TRUE">String</attrtype><attwidth Sync="TRUE">50</attwidth><atprecis Sync="TRUE">0</atprecis><attscale Sync="TRUE">0</attscale></attr></detailed></eainfo><mdDateSt Sync="TRUE">20130726</mdDateSt><GEMINI_Metadata><IdentificationInfo><spatialRepresentationType codeList="001"/><extent><geographicElement><westBoundLongitude>-8.336702</westBoundLongitude><eastBoundLongitude>-0.721669</eastBoundLongitude><northBoundLatitude>60.850454</northBoundLatitude><southBoundLatitude>54.549484</southBoundLatitude></geographicElement></extent></IdentificationInfo><dateStamp>20130726</dateStamp><metadataStandardName>UK GEMINI Standard</metadataStandardName><metadataStandardVersion>1.0</metadataStandardVersion><referenceSystemInfo><referenceSystemIdentifier><code>001</code></referenceSystemIdentifier></referenceSystemInfo></GEMINI_Metadata><gmd:GEMINI_Metadata xmlns:gmd="http://www.isotc211.org/2005/gmd" xmlns:xsi="http://www.w3.org/2001/XMLSchema-instance" xmlns:gco="http://www.isotc211.org/2005/gco" xmlns:srv="http://www.isotc211.org/2005/srv" xmlns:gts="http://www.isotc211.org/2005/gts" xmlns:gml="http://www.opengis.net/gml" xmlns:xlink="http://www.w3.org/1999/xlink" xmlns:msxsl="urn:schemas-microsoft-com:xslt">
		<gmd:hierarchyLevel>
			<gmd:MD_ScopeCode codeList="http://standards.iso.org/ittf/PubliclyAvailableStandards/ISO_19139_Schemas/resources/Codelist/gmxCodelists.xml#MD_ScopeCode" codeListValue="dataset">Dataset</gmd:MD_ScopeCode>
		</gmd:hierarchyLevel>
		<gmd:dateStamp>
			<gco:Date>2013-05-29</gco:Date>
		</gmd:dateStamp>
		<gmd:language>
			<gmd:LanguageCode codeList="http://www.loc.gov/standards/iso639-2/php/code_list.php" codeListValue="eng">English</gmd:LanguageCode>
		</gmd:language>
		<gmd:identificationInfo>
			<gmd:MD_DataIdentification>
				<gmd:language>
					<gmd:LanguageCode codeList="http://www.loc.gov/standards/iso639-2/php/code_list.php" codeListValue="eng">English</gmd:LanguageCode>
				</gmd:language>
				<gmd:abstract>
					<gco:CharacterString>From 1845 to 1930, civil parishes formed part of Scotland’s local government system.  The parishes, which had their origins in the ecclesiastical parishes of the Church of Scotland, often overlapped the then existing county boundaries. Parishes have had no direct administrative function in Scotland since 1930.  There are 871 civil parishes in Scotland.

The initial version of the Civil Parish boundaries was first created by Geography Branch, GROS in the mid-1960s.  The boundaries were plotted on to Ordnance Survey 1:10,000 maps using the written descriptions of the parishes. 
In the late 1980s the boundaries were digitised using the Geographic Information System, called “GenaMap”.
In 2006, GenaMap was replaced by ESRI’s ArcGIS product, and the civil parish boundaries were migrated to the new system.
In March-April 2009 many of the coastal postcodes were edited to improve their alignment with MasterMap’s coastal detail.  As a result, in May 2009 some of the coastal parishes were edited to ensure that all postcodes’ Gridlink points would fall within the limits of the civil parish boundaries.
In terms of provenance, the vast majority of the civil parish boundaries date back to their original drawing in the mid-1960s onto OS 1:10,000 maps.</gco:CharacterString>
				</gmd:abstract>
				<gmd:spatialResolution>
					<gmd:MD_Resolution>
						<gmd:distance>
							<gco:Distance uom="Meters">0.000125</gco:Distance>
						</gmd:distance>
						<gmd:equivalentScale>
							<gmd:MD_RepresentativeFraction>
								<gmd:denominator>
									<gco:Integer>10000</gco:Integer>
								</gmd:denominator>
							</gmd:MD_RepresentativeFraction>
						</gmd:equivalentScale>
					</gmd:MD_Resolution>
				</gmd:spatialResolution>
				<gmd:citation>
					<gmd:CI_Citation>
						<gmd:title>
							<gco:CharacterString>Civil Parish 1930</gco:CharacterString>
						</gmd:title>
						<gmd:alternateTitle>
							<gco:CharacterString>CivilParish1930</gco:CharacterString>
						</gmd:alternateTitle>
						<gmd:date>
							<gmd:CI_Date>
								<gmd:date>
									<gco:Date>1973-01-01</gco:Date>
								</gmd:date>
								<gmd:dateType>
									<gmd:CI_DateTypeCode codeList="http://standards.iso.org/ittf/PubliclyAvailableStandards/ISO_19139_Schemas/resources/Codelist/gmxCodelists.xml#CI_DateTypeCode" codeListValue="creation">Creation</gmd:CI_DateTypeCode>
								</gmd:dateType>
							</gmd:CI_Date>
						</gmd:date>
						<gmd:identifier>
							<gmd:RS_Identifier>
								<gmd:code>
									<gco:CharacterString>CivilParish1930</gco:CharacterString>
								</gmd:code>
							</gmd:RS_Identifier>
						</gmd:identifier>
					</gmd:CI_Citation>
				</gmd:citation>
				<gmd:topicCategory>
					<gmd:MD_TopicCategoryCode>boundaries</gmd:MD_TopicCategoryCode>
				</gmd:topicCategory>
				<gmd:descriptiveKeywords>
					<gmd:MD_Keywords>
						<gmd:keyword>
							<gco:CharacterString>Statistical units</gco:CharacterString>
						</gmd:keyword>
						<gmd:thesaurusName>
							<gmd:CI_Citation>
								<gmd:title>
									<gco:CharacterString>GEMET  INSPIRE</gco:CharacterString>
								</gmd:title>
								<gmd:date>
									<gmd:CI_Date>
										<gmd:date>
											<gco:Date>2013-05-29</gco:Date>
										</gmd:date>
										<gmd:dateType>
											<gmd:CI_DateTypeCode codeList="http://standards.iso.org/ittf/PubliclyAvailableStandards/ISO_19139_Schemas/resources/Codelist/gmxCodelists.xml#CI_DateTypeCode" codeListValue=""/>
										</gmd:dateType>
									</gmd:CI_Date>
								</gmd:date>
							</gmd:CI_Citation>
						</gmd:thesaurusName>
						<gmd:type>
							<gmd:MD_KeywordTypeCode codeList="http://standards.iso.org/ittf/PubliclyAvailableStandards/ISO_19139_Schemas/resources/Codelist/gmxCodelists.xml#MD_KeywordTypeCode" codeListValue="theme">Theme</gmd:MD_KeywordTypeCode>
						</gmd:type>
					</gmd:MD_Keywords>
				</gmd:descriptiveKeywords>
				<gmd:extent>
					<gmd:EX_Extent>
						<gmd:geographicElement>
							<gmd:EX_GeographicDescription>
								<gmd:geographicIdentifier>
									<gmd:RS_Identifier>
										<gmd:code>
											<gco:CharacterString>SCT</gco:CharacterString>
										</gmd:code>
										<gmd:authority>
											<gmd:CI_Citation>
												<gmd:title>
													<gco:CharacterString>Scotland</gco:CharacterString>
												</gmd:title>
												<gmd:date>
													<gmd:CI_Date>
														<gmd:date>
															<gco:Date>2000-09-01</gco:Date>
														</gmd:date>
														<gmd:dateType>
															<gmd:CI_DateTypeCode codeList="http://standards.iso.org/ittf/PubliclyAvailableStandards/ISO_19139_Schemas/resources/Codelist/gmxCodelists.xml#CI_DateTypeCode" codeListValue=""/>
														</gmd:dateType>
													</gmd:CI_Date>
												</gmd:date>
											</gmd:CI_Citation>
										</gmd:authority>
									</gmd:RS_Identifier>
								</gmd:geographicIdentifier>
							</gmd:EX_GeographicDescription>
						</gmd:geographicElement>
						<gmd:geographicElement>
							<gmd:EX_GeographicBoundingBox>
								<gmd:westBoundLongitude>
									<gco:Decimal>-9.20000</gco:Decimal>
								</gmd:westBoundLongitude>
								<gmd:eastBoundLongitude>
									<gco:Decimal>-0.50000</gco:Decimal>
								</gmd:eastBoundLongitude>
								<gmd:southBoundLatitude>
									<gco:Decimal>50.00000</gco:Decimal>
								</gmd:southBoundLatitude>
								<gmd:northBoundLatitude>
									<gco:Decimal>65.50000</gco:Decimal>
								</gmd:northBoundLatitude>
							</gmd:EX_GeographicBoundingBox>
						</gmd:geographicElement>
						<gmd:temporalElement>
							<gmd:EX_TemporalExtent>
								<gmd:extent>
									<gml:TimePeriod>
										<gml:beginPosition>2013-01-01</gml:beginPosition>
										<gml:endPosition/>
									</gml:TimePeriod>
								</gmd:extent>
							</gmd:EX_TemporalExtent>
						</gmd:temporalElement>
						<gmd:verticalElement>
							<gmd:EX_VerticalExtent>
								<gmd:minimumValue>
									<gco:Real>-100000.00</gco:Real>
								</gmd:minimumValue>
								<gmd:maximumValue>
									<gco:Real>900719825474.10</gco:Real>
								</gmd:maximumValue>
								<gmd:verticalCRS xlink:href=""/>
							</gmd:EX_VerticalExtent>
						</gmd:verticalElement>
					</gmd:EX_Extent>
				</gmd:extent>
				<gmd:pointOfContact>
					<gmd:CI_ResponsibleParty>
						<gmd:organisationName>
							<gco:CharacterString>National Records of Scotland</gco:CharacterString>
						</gmd:organisationName>
						<gmd:contactInfo>
							<gmd:CI_Contact>
								<gmd:address>
									<gmd:CI_Address>
										<gmd:deliveryPoint>
											<gco:CharacterString>Ladywell House, Ladywell Road</gco:CharacterString>
										</gmd:deliveryPoint>
										<gmd:city>
											<gco:CharacterString>Edinburgh</gco:CharacterString>
										</gmd:city>
										<gmd:postalCode>
											<gco:CharacterString>EH12 7TF</gco:CharacterString>
										</gmd:postalCode>
										<gmd:electronicMailAddress>
											<gco:CharacterString>geographycustomerservices@gro-scotland.gsi.gov.uk</gco:CharacterString>
										</gmd:electronicMailAddress>
									</gmd:CI_Address>
								</gmd:address>
							</gmd:CI_Contact>
						</gmd:contactInfo>
						<gmd:role>
							<gmd:CI_RoleCode codeList="http://standards.iso.org/ittf/PubliclyAvailableStandards/ISO_19139_Schemas/resources/Codelist/gmxCodelists.xml#MD_ScopeCode" codeListValue="owner">Owner</gmd:CI_RoleCode>
						</gmd:role>
					</gmd:CI_ResponsibleParty>
				</gmd:pointOfContact>
				<gmd:resourceConstraints>
					<gmd:MD_Constraints>
						<gmd:useLimitation>
							<gco:CharacterString>no conditions apply</gco:CharacterString>
						</gmd:useLimitation>
					</gmd:MD_Constraints>
				</gmd:resourceConstraints>
				<gmd:resourceConstraints>
					<gmd:MD_LegalConstraints>
						<gmd:otherConstraints>
							<gco:CharacterString>License</gco:CharacterString>
						</gmd:otherConstraints>
					</gmd:MD_LegalConstraints>
				</gmd:resourceConstraints>
				<gmd:resourceMaintenance>
					<gmd:MD_MaintenanceInformation>
						<gmd:maintenanceAndUpdateFrequency>
							<gmd:MD_MaintenanceFrequencyCode codeList="http://standards.iso.org/ittf/PubliclyAvailableStandards/ISO_19139_Schemas/resources/Codelist/gmxCodelists.xml#MD_MaintenanceFrequencyCode" codeListValue="asNeeded">As needed</gmd:MD_MaintenanceFrequencyCode>
						</gmd:maintenanceAndUpdateFrequency>
					</gmd:MD_MaintenanceInformation>
				</gmd:resourceMaintenance>
			</gmd:MD_DataIdentification>
		</gmd:identificationInfo>
		<gmd:distributionInfo>
			<gmd:MD_Distribution>
				<gmd:transferOptions>
					<gmd:MD_DigitalTransferOptions>
						<gmd:onLine>
							<gmd:CI_OnlineResource>
								<gmd:linkage>
									<gmd:URL>\\GISFILEPROD\DATASHARE\Caroline\Name and Code\HigherAreas_NameCodes.gdb</gmd:URL>
								</gmd:linkage>
							</gmd:CI_OnlineResource>
						</gmd:onLine>
					</gmd:MD_DigitalTransferOptions>
				</gmd:transferOptions>
				<gmd:distributionFormat>
					<gmd:MD_Format>
						<gmd:name>
							<gco:CharacterString>Shapefile</gco:CharacterString>
						</gmd:name>
						<gmd:version>
							<gco:CharacterString>10.1</gco:CharacterString>
						</gmd:version>
					</gmd:MD_Format>
				</gmd:distributionFormat>
			</gmd:MD_Distribution>
		</gmd:distributionInfo>
		<gmd:dataQualityInfo>
			<gmd:DQ_DataQuality>
				<gmd:lineage>
					<gmd:LI_Lineage>
						<gmd:statement>
							<gco:CharacterString>Geography Branch first began plotting postcode boundaries in 1973.  In addition to the creation of postcode boundaries, Geography Branch also assigned each postcode to an array of Scottish boundary datasets including civil parish boundaries.
From 1845 to 1930, civil parishes formed part of Scotland’s local government system.  The parishes, which had their origins in the ecclesiastical parishes of the Church of Scotland, often overlapped the then existing county boundaries, largely because they reflected earlier territorial divisions.  Parishes have had no direct administrative function in Scotland since 1930.  In 1930, all parishes were grouped into elected district councils.  These districts were abolished in 1975, and the new local authorities established in that year often cut across civil parish boundaries.  In 1996, there was a further re-organisation of Scottish local government, and a number of civil parishes now lie in two or more council areas.  There are 871 civil parishes in Scotland.
     The civil parish boundary dataset is the responsibility of Geography Branch.  The initial version of the boundaries was first created in the mid-1960s.  The boundaries were plotted on to Ordnance Survey 1:10,000 maps using the written descriptions of the parishes. 
     In the late 1980s Geography Branch introduced a Geographic Information System (called “GenaMap”) to its working practices. 
     At this point the manually-plotted civil parish boundaries were digitised using the GenaMap system.
     In 2006, GenaMap was replaced by ESRI’s ArcGIS product, and the civil parish boundaries were migrated to the new system.
     At this stage, the Ordnance Survey digital product MasterMap was made available as the background map for Geography Branch’s digitising requirements.  
     In March-April 2009 many of the coastal postcodes were edited to improve their alignment with MasterMap’s coastal detail.
     After improving the coastal postcode alignment there was a requirement to check that all the individual postcode Gridlink points fell within the extent of the civil parish boundaries.  It was discovered that some of the points were outside the limits of the some of the coastal parishes.
     This version of the civil parish boundaries was edited (some coastal postcodes only) in May 2009 to ensure that all postcodes’ Gridlink points would fall within the limits of the civil parish boundaries.
     In terms of provenance, the vast majority of the civil parish boundaries date back to the mid-1960s with their original drawing onto OS 1:10,000 maps.</gco:CharacterString>
						</gmd:statement>
					</gmd:LI_Lineage>
				</gmd:lineage>
			</gmd:DQ_DataQuality>
		</gmd:dataQualityInfo>
		<gmd:referenceSystemInfo>
			<gmd:MD_ReferenceSystem>
				<gmd:referenceSystemIdentifier>
					<gmd:RS_Identifier>
						<gmd:code>
							<gco:CharacterString>Great Britain National Grid</gco:CharacterString>
						</gmd:code>
					</gmd:RS_Identifier>
				</gmd:referenceSystemIdentifier>
			</gmd:MD_ReferenceSystem>
		</gmd:referenceSystemInfo>
		<gmd:contact>
			<gmd:CI_ResponsibleParty>
				<gmd:organisationName>
					<gco:CharacterString>National Records of Scotland</gco:CharacterString>
				</gmd:organisationName>
				<gmd:contactInfo>
					<gmd:CI_Contact>
						<gmd:address>
							<gmd:CI_Address>
								<gmd:deliveryPoint>
									<gco:CharacterString>Ladywell House, Ladywell Road</gco:CharacterString>
								</gmd:deliveryPoint>
								<gmd:city>
									<gco:CharacterString>Edinburgh</gco:CharacterString>
								</gmd:city>
								<gmd:postalCode>
									<gco:CharacterString>EH12 7TF</gco:CharacterString>
								</gmd:postalCode>
								<gmd:electronicMailAddress>
									<gco:CharacterString>geographycustomerservices@gro-scotland.gsi.gov.uk</gco:CharacterString>
								</gmd:electronicMailAddress>
							</gmd:CI_Address>
						</gmd:address>
					</gmd:CI_Contact>
				</gmd:contactInfo>
				<gmd:role>
					<gmd:CI_RoleCode codeList="http://standards.iso.org/ittf/PubliclyAvailableStandards/ISO_19139_Schemas/resources/Codelist/gmxCodelists.xml#MD_ScopeCode" codeListValue="pointOfContact">Point of contact</gmd:CI_RoleCode>
				</gmd:role>
			</gmd:CI_ResponsibleParty>
		</gmd:contact>
	</gmd:GEMINI_Metadata></metadata>
