<?xml version="1.0" encoding="UTF-8"?>
<metadata xml:lang="en"><Esri><CreaDate>20200327</CreaDate><CreaTime>16585600</CreaTime><ArcGISFormat>1.0</ArcGISFormat><SyncOnce>TRUE</SyncOnce><DataProperties><lineage><Process ToolSource="c:\program files (x86)\arcgis\desktop10.3\ArcToolbox\Toolboxes\Data Management Tools.tbx\CalculateField" Date="20200114" Time="153856">CalculateField Shapefile_v3 Name [NAMEGIS] VB #</Process><Process ToolSource="c:\program files (x86)\arcgis\desktop10.3\ArcToolbox\Toolboxes\Data Management Tools.tbx\CalculateField" Date="20200114" Time="154353">CalculateField Shapefile_v3 REACH_MED [REACH_MED]*1.852 VB #</Process><Process ToolSource="c:\program files (x86)\arcgis\desktop10.3\ArcToolbox\Toolboxes\Data Management Tools.tbx\CalculateField" Date="20200114" Time="154415">CalculateField Shapefile_v3 REACH_1693 [REACH_1693]*1.852 VB #</Process><Process ToolSource="c:\program files (x86)\arcgis\desktop10.3\ArcToolbox\Toolboxes\Data Management Tools.tbx\CalculateField" Date="20200114" Time="154437">CalculateField Shapefile_v3 REACH_1753 [REACH_1753]*1.852 VB #</Process><Process ToolSource="c:\program files (x86)\arcgis\desktop10.3\ArcToolbox\Toolboxes\Data Management Tools.tbx\CalculateField" Date="20200114" Time="154445">CalculateField Shapefile_v3 REACH_1831 [REACH_1831]*1.852 VB #</Process><Process ToolSource="c:\program files (x86)\arcgis\desktop10.3\ArcToolbox\Toolboxes\Data Management Tools.tbx\CalculateField" Date="20200114" Time="154455">CalculateField Shapefile_v3 REACH_1851 [REACH_1851]*1.852 VB #</Process><Process ToolSource="c:\program files (x86)\arcgis\desktop10.3\ArcToolbox\Toolboxes\Data Management Tools.tbx\CalculateField" Date="20200114" Time="154505">CalculateField Shapefile_v3 REACH_1911 [REACH_1911]*1.852 VB #</Process><Process ToolSource="c:\program files (x86)\arcgis\desktop10.3\ArcToolbox\Toolboxes\Data Management Tools.tbx\CalculateField" Date="20200117" Time="095831">CalculateField Shapefile_v4b Elevation [Height] VB #</Process><Process ToolSource="c:\program files (x86)\arcgis\desktop10.3\ArcToolbox\Toolboxes\Data Management Tools.tbx\CalculateField" Date="20200117" Time="095839">CalculateField Shapefile_v4b YearBuilt [YearBuilt] VB #</Process><Process ToolSource="c:\program files (x86)\arcgis\desktop10.3\ArcToolbox\Toolboxes\Data Management Tools.tbx\CalculateField" Date="20200117" Time="095850">CalculateField Shapefile_v4b YearBuilt [Erected] VB #</Process></lineage><itemProps><itemLocation><linkage Sync="TRUE">file://\\DESKTOP-8IHVVS2\D$\Personal_Edu\Academic\Publicacions\Revista\AX_LighthousesDatabase\GIS\Shapefile_v4</linkage><protocol Sync="TRUE">Local Area Network</protocol></itemLocation></itemProps><copyHistory><copy source="D:\Personal_Edu\Academic\Publicacions\Revista\AX_LighthousesDatabase\GIS\old\Shapefile_v4" dest="\\DESKTOP-8IHVVS2\D$\Personal_Edu\Academic\Publicacions\Revista\AX_LighthousesDatabase\GIS\Shapefile_v4" date="20200117" time="13002300"></copy></copyHistory></DataProperties></Esri></metadata>
